City_ID,City,Country,Lat,Lng,Max Temp,Humidity,Cloudiness,Wind Speed,Current Description
0,Husavik,IS,66.0449,-17.3389,35.82,83,99,14.9,overcast clouds
1,Tuktoyaktuk,CA,69.4541,-133.0374,-9.4,70,20,11.5,few clouds
2,Samarai,PG,-10.6167,150.6667,86.86,68,66,15.88,broken clouds
3,Cayenne,GF,4.9333,-52.3333,80.1,1,75,4.61,broken clouds
4,Bluff,NZ,-46.6,168.3333,58.87,74,0,6.62,clear sky
5,Beringovskiy,RU,63.05,179.3167,10.22,93,93,4.9,overcast clouds
6,Saint-Philippe,RE,-21.3585,55.7679,78.39,81,20,10.51,few clouds
7,College,US,64.8569,-147.8028,37.72,58,75,0.0,broken clouds
8,Ushuaia,AR,-54.8,-68.3,42.46,100,100,18.41,moderate rain
9,Nantucket,US,41.2835,-70.0995,44.71,84,75,17.27,broken clouds
10,Shimoda,JP,34.6667,138.95,68.36,74,57,2.46,broken clouds
11,Hilo,US,19.7297,-155.09,74.93,82,40,12.66,scattered clouds
12,Upernavik,GL,72.7868,-56.1549,14.41,88,100,6.46,overcast clouds
13,Ribeira Grande,PT,38.5167,-28.7,60.67,84,69,8.59,broken clouds
14,Narsaq,GL,60.9167,-46.05,23.22,72,53,4.99,broken clouds
15,Rockhampton,AU,-23.3833,150.5,82.29,61,48,9.22,scattered clouds
16,Port Alfred,ZA,-33.5906,26.891,65.17,92,49,8.52,scattered clouds
17,Nikolskoye,RU,59.7035,30.7861,25.88,77,100,15.35,overcast clouds
18,Bredasdorp,ZA,-34.5322,20.0403,61.2,86,7,10.11,clear sky
19,Puerto Ayora,EC,-0.7393,-90.3518,78.12,85,100,7.29,overcast clouds
20,Gusinoye Ozero,RU,51.1144,106.2614,31.21,52,82,1.3,broken clouds
21,Payo,ID,-3.7508,103.6372,88.99,56,16,3.33,few clouds
22,Hermanus,ZA,-34.4187,19.2345,62.8,86,8,12.39,clear sky
23,Lasa,IT,46.6166,10.7002,41.02,68,2,1.01,clear sky
24,Los Llanos De Aridane,ES,28.6585,-17.9182,60.55,95,100,9.22,overcast clouds
25,Karpogory,RU,64.0019,44.4451,14.41,89,100,17.52,light snow
26,Barrow,US,71.2906,-156.7887,1.42,71,0,21.85,clear sky
27,Berlevag,NO,70.8578,29.0864,22.8,68,100,22.5,light snow
28,Busselton,AU,-33.65,115.3333,71.44,54,59,18.25,broken clouds
29,Kambove,CD,-10.8764,26.5969,59.77,93,100,1.9,overcast clouds
30,Atuona,PF,-9.8,-139.0333,79.43,78,15,18.28,few clouds
31,Honiara,SB,-9.4333,159.95,81.37,81,100,5.03,overcast clouds
32,Avera,US,33.194,-82.5271,55.45,43,5,11.5,clear sky
33,Mar Del Plata,AR,-38.0023,-57.5575,60.82,88,100,9.22,overcast clouds
34,Constitucion,CL,-35.3333,-72.4167,52.12,89,37,7.23,scattered clouds
35,Hervey Bay,AU,-25.2986,152.8535,76.46,76,19,7.87,few clouds
36,Nardaran,AZ,40.5561,50.0056,46.04,87,75,16.11,broken clouds
37,Vaini,TO,-21.2,-175.2,80.76,78,40,11.5,scattered clouds
38,Nikolayevka,RU,53.1257,47.2041,33.67,99,100,11.77,snow
39,Carolina,PR,18.3808,-65.9574,75.09,87,20,0.0,few clouds
40,Saldanha,ZA,-33.0117,17.9442,60.85,71,36,3.36,scattered clouds
41,Rikitea,PF,-23.1203,-134.9692,79.39,71,2,13.44,clear sky
42,Butaritari,KI,3.0707,172.7902,81.5,71,32,13.56,scattered clouds
43,Mataura,NZ,-46.1927,168.8643,69.48,50,0,3.22,clear sky
44,Grindavik,IS,63.8424,-22.4338,34.27,100,100,9.22,light rain and snow
45,Lavrentiya,RU,65.5833,-171.0,15.69,91,100,2.21,overcast clouds
46,Hobart,AU,-42.8794,147.3294,81.23,46,20,14.97,few clouds
47,Santa Cruz De La Palma,ES,28.6835,-17.7642,64.54,63,100,9.22,overcast clouds
48,Sept-Iles,CA,50.2001,-66.3821,30.72,96,100,4.61,mist
49,Benton Harbor,US,42.1167,-86.4542,29.32,69,100,14.0,overcast clouds
50,Kodiak,US,57.79,-152.4072,36.91,93,100,0.0,overcast clouds
51,Khatanga,RU,71.9667,102.5,0.25,91,37,14.72,scattered clouds
52,Saint George,US,37.1041,-113.5841,73.99,15,0,9.22,clear sky
53,Azle,US,32.8951,-97.5459,73.4,47,0,9.22,clear sky
54,Norman Wells,CA,65.282,-126.8329,5.04,51,75,3.44,broken clouds
55,Mahebourg,MU,-20.4081,57.7,79.25,94,20,3.44,few clouds
56,Dalbandin,PK,28.8947,64.4101,78.73,17,0,8.7,clear sky
57,Hasaki,JP,35.7333,140.8333,64.8,70,100,18.72,overcast clouds
58,Konya,TR,38.1667,32.5,24.28,67,0,4.41,clear sky
59,Tazovskiy,RU,67.4667,78.7,0.61,97,91,10.78,overcast clouds
60,Castro,BR,-24.7911,-50.0119,59.99,95,36,2.21,scattered clouds
61,Kapaa,US,22.0752,-159.319,78.78,68,0,17.27,clear sky
62,Yanam,IN,16.7333,82.2167,90.0,54,49,4.97,scattered clouds
63,Cockburn Town,TC,21.4612,-71.1419,77.54,71,37,3.36,scattered clouds
64,Hithadhoo,MV,-0.6,73.0833,82.31,70,12,9.78,few clouds
65,Airai,TL,-8.9266,125.4092,71.94,70,54,1.88,broken clouds
66,Ginda,IN,30.6945,78.4932,73.2,11,0,5.3,clear sky
67,Livingstone,ZM,-17.8419,25.8543,65.48,95,6,3.02,clear sky
68,Yellowknife,CA,62.456,-114.3525,2.41,79,100,9.22,light snow
69,Chortkiv,UA,49.0171,25.798,34.12,58,10,17.49,clear sky
70,Cabo San Lucas,MX,22.8909,-109.9124,70.9,53,1,8.16,clear sky
71,Dikson,RU,73.5069,80.5464,-6.81,97,83,12.3,broken clouds
72,Hambantota,LK,6.1241,81.1185,84.54,89,20,2.3,few clouds
73,Nome,US,64.5011,-165.4064,25.16,74,100,6.91,overcast clouds
74,Dingle,PH,10.9995,122.6711,89.04,54,100,13.2,overcast clouds
75,Severo-Kurilsk,RU,50.6789,156.125,32.83,98,100,31.05,snow
76,Shasta Lake,US,40.6804,-122.3708,64.76,51,100,1.34,overcast clouds
77,Richards Bay,ZA,-28.783,32.0377,67.19,91,16,5.08,few clouds
78,Nanortalik,GL,60.1432,-45.2371,25.63,72,100,10.89,overcast clouds
79,Ahipara,NZ,-35.1667,173.1667,67.84,68,83,9.26,light rain
80,Torbay,CA,47.6666,-52.7314,35.76,92,0,19.57,clear sky
81,Caravelas,BR,-17.7125,-39.2481,75.92,89,1,5.46,clear sky
82,Mucurapo,TT,10.6667,-61.5333,77.05,87,92,8.68,overcast clouds
83,Amahai,ID,-3.3333,128.9167,86.31,64,91,5.73,light rain
84,Lorengau,PG,-2.0226,147.2712,83.75,73,99,6.02,light rain
85,Punta Arenas,CL,-53.15,-70.9167,46.11,93,99,9.13,overcast clouds
86,Jizan,SA,17.3333,42.6667,76.14,65,32,2.15,scattered clouds
87,Looc,PH,12.2605,121.9926,86.29,63,100,9.44,light rain
88,Qaanaaq,GL,77.484,-69.3632,-8.41,94,99,7.02,overcast clouds
89,Talnakh,RU,69.4865,88.3972,9.91,74,80,4.43,broken clouds
90,Awjilah,LY,29.1081,21.2869,54.21,21,0,10.45,clear sky
91,Laguna,US,38.421,-121.4238,67.42,61,0,12.66,clear sky
92,Calvinia,ZA,-31.4707,19.776,62.62,43,7,5.86,clear sky
93,Vila Franca Do Campo,PT,37.7167,-25.4333,59.41,87,99,19.75,overcast clouds
94,Thompson,CA,55.7435,-97.8558,-5.64,54,0,5.75,clear sky
95,Jamestown,US,42.097,-79.2353,29.84,71,100,13.8,light snow
96,Marawi,PH,7.9986,124.2928,71.91,87,100,4.25,overcast clouds
97,Camana,PE,-16.6228,-72.7111,70.23,85,69,7.49,broken clouds
98,East London,ZA,-33.0153,27.9116,65.34,94,20,1.14,few clouds
99,Durres,AL,41.3231,19.4414,37.58,70,1,5.06,clear sky
100,Broken Hill,AU,-31.95,141.4333,80.31,32,0,10.36,clear sky
101,Albany,US,42.6001,-73.9662,38.35,91,76,7.05,broken clouds
102,Slave Lake,CA,55.2834,-114.769,24.78,74,100,13.8,overcast clouds
103,Quelimane,MZ,-17.8786,36.8883,78.75,88,75,0.0,broken clouds
104,Santa Marta,CO,11.2408,-74.199,82.89,71,75,11.5,broken clouds
105,La Asuncion,VE,11.0333,-63.8628,76.35,85,79,17.13,broken clouds
106,Tasiilaq,GL,65.6145,-37.6368,26.76,59,0,7.58,clear sky
107,Mehamn,NO,71.0357,27.8492,22.91,75,100,18.41,light snow
108,Luwuk,ID,-0.9516,122.7875,85.19,75,100,2.53,overcast clouds
109,Dunedin,NZ,-45.8742,170.5036,65.8,63,0,8.01,clear sky
110,Winnemucca,US,40.973,-117.7357,60.85,31,0,0.0,clear sky
111,Clyde River,CA,70.4692,-68.5914,-1.97,78,100,10.36,light snow
112,Cahors,FR,44.4167,1.3333,45.07,57,22,8.93,few clouds
113,Gushikawa,JP,26.3544,127.8686,67.59,93,75,8.05,broken clouds
114,Greenwood,US,34.1668,-82.1165,52.16,31,0,5.75,clear sky
115,Belyy Yar,RU,53.6039,91.3903,26.49,47,0,6.71,clear sky
116,Rundu,NA,-17.9333,19.7667,63.45,66,48,3.31,scattered clouds
117,Victoria,HK,22.2855,114.1577,75.25,84,93,3.0,overcast clouds
118,Pevek,RU,69.7008,170.3133,4.91,93,100,5.19,overcast clouds
119,Carnarvon,AU,-24.8667,113.6333,87.87,42,75,8.05,broken clouds
120,Half Moon Bay,US,37.4636,-122.4286,59.41,84,75,13.8,mist
121,Quatre Cocos,MU,-20.2078,57.7625,79.09,71,11,9.17,few clouds
122,Antofagasta,CL,-23.65,-70.4,66.79,69,29,5.44,scattered clouds
123,Esperance,AU,-33.8667,121.9,66.04,84,100,20.38,overcast clouds
124,Chuy,UY,-33.6971,-53.4616,65.88,75,52,10.42,broken clouds
125,Taltal,CL,-25.4,-70.4833,66.97,69,0,4.83,clear sky
126,Scarborough,GB,54.2797,-0.4044,45.64,90,4,1.79,clear sky
127,Ostrovnoy,RU,68.0531,39.5131,22.64,62,100,14.88,light snow
128,Victor Harbor,AU,-35.5667,138.6167,79.72,39,85,4.97,overcast clouds
129,Tres Picos,MX,15.8667,-93.5333,72.81,65,82,8.32,broken clouds
130,Mao,ES,39.8885,4.2658,55.96,88,100,14.97,overcast clouds
131,Champerico,GT,14.3,-91.9167,82.31,71,46,5.1,scattered clouds
132,Kupang,ID,-10.1667,123.5833,84.49,72,31,5.26,scattered clouds
133,Cumberland,US,35.0502,-78.8664,50.49,42,0,8.05,clear sky
134,Uglekamensk,RU,43.2172,133.2303,43.5,49,97,12.41,overcast clouds
135,Mogadouro,PT,41.3403,-6.7119,41.38,89,21,4.68,few clouds
136,Itarema,BR,-2.9248,-39.9167,75.31,92,100,7.25,overcast clouds
137,Kavieng,PG,-2.5744,150.7967,84.43,69,100,6.02,overcast clouds
138,Geraldton,AU,-28.7667,114.6,82.81,61,75,14.97,broken clouds
139,Tahoua,NE,14.8888,5.2692,74.52,11,10,13.91,clear sky
140,Ponta Do Sol,PT,32.6667,-17.1,64.0,85,100,21.41,overcast clouds
141,Berezna,UA,51.5716,31.7846,28.92,65,99,20.04,overcast clouds
142,Sao Felix Do Xingu,BR,-6.6447,-51.995,71.53,99,77,0.85,broken clouds
143,Kondinskoye,RU,59.6481,67.41,10.83,89,54,12.64,broken clouds
144,Saskylakh,RU,71.9167,114.0833,-11.38,98,100,4.29,overcast clouds
145,Verkhoyansk,RU,67.5447,133.385,12.4,78,73,5.48,broken clouds
146,Nelson Bay,AU,-32.7167,152.15,71.1,91,100,6.4,light rain
147,Kathmandu,NP,27.7167,85.3167,68.22,42,20,2.3,haze
148,Sao Filipe,CV,14.8961,-24.4956,68.7,74,84,4.97,broken clouds
149,Vao,NC,-22.6667,167.4833,76.1,76,71,16.93,broken clouds
150,Kamenka,RU,51.3223,42.7678,32.63,98,100,13.15,light snow
151,Matagami,CA,49.7502,-77.6328,8.71,78,100,19.57,light snow
152,New Norfolk,AU,-42.7826,147.0587,80.89,37,0,4.0,clear sky
153,Moron De La Frontera,ES,37.1208,-5.454,51.4,89,0,5.75,clear sky
154,Gat,IL,31.61,34.7642,53.4,100,1,6.4,clear sky
155,Tiksi,RU,71.6872,128.8694,-1.62,94,81,1.66,broken clouds
156,Amnat Charoen,TH,15.9167,104.75,95.77,39,38,6.82,light rain
157,Aklavik,CA,68.2191,-135.0107,-5.04,99,99,6.24,overcast clouds
158,Lompoc,US,34.6391,-120.4579,55.78,90,75,4.61,mist
159,Jardim,BR,-21.4803,-56.1381,66.07,76,9,0.72,clear sky
160,Wajima,JP,37.4,136.9,54.28,66,40,6.91,scattered clouds
161,Bengkulu,ID,-3.8004,102.2655,85.1,62,30,8.5,scattered clouds
162,Santa Fe,AR,-31.6333,-60.7,64.98,86,0,3.91,light rain
163,Yumen,CN,40.2833,97.2,52.63,18,33,9.22,scattered clouds
164,Provideniya,RU,64.3833,-173.3,19.94,81,95,1.88,overcast clouds
165,Avarua,CK,-21.2078,-159.775,80.65,83,75,8.05,broken clouds
166,Toora-Khem,RU,52.4675,96.11,26.35,84,94,0.98,overcast clouds
167,Vostok,RU,46.4856,135.8833,30.42,89,99,15.03,light snow
168,Vidim,RU,56.4088,103.1106,18.68,83,89,13.56,light snow
169,Te Anau,NZ,-45.4167,167.7167,68.68,51,0,2.51,clear sky
170,Aripuana,BR,-9.1667,-60.6333,72.66,99,100,1.43,light rain
171,Galiakot,IN,23.5167,74.0,93.0,12,6,4.25,clear sky
172,Xuddur,SO,4.1213,43.8894,73.15,79,16,12.46,few clouds
173,Cape Town,ZA,-33.9258,18.4232,62.11,78,0,3.44,clear sky
174,Port Elizabeth,ZA,-33.918,25.5701,61.32,95,20,1.14,few clouds
175,Rantepao,ID,-2.9701,119.8978,85.82,46,38,3.06,scattered clouds
176,Codrington,AU,-38.2667,141.9667,82.31,29,7,7.27,clear sky
177,Touros,BR,-5.1989,-35.4608,78.04,86,93,7.11,overcast clouds
178,Bull Savanna,JM,17.8868,-77.5902,72.39,79,83,2.55,broken clouds
179,Flin Flon,CA,54.7682,-101.865,-4.88,96,38,2.98,scattered clouds
180,Ambositra,MG,-20.5167,47.25,63.37,97,53,1.74,broken clouds
181,Juneau,US,58.3019,-134.4197,41.0,56,40,3.44,scattered clouds
182,Tawagan,PH,7.845,123.4753,81.01,77,100,6.8,overcast clouds
183,Arraial Do Cabo,BR,-22.9661,-42.0278,76.46,92,9,8.77,clear sky
184,La Libertad,EC,-2.2333,-80.9,76.82,81,98,1.23,overcast clouds
185,Cidreira,BR,-30.1811,-50.2056,66.04,79,92,9.55,overcast clouds
186,Dongsheng,CN,39.8161,109.9776,39.27,18,1,10.09,clear sky
187,Nabire,ID,-3.3667,135.4833,87.04,63,91,5.97,overcast clouds
188,Bakchar,RU,57.0186,82.0711,20.01,84,45,2.48,scattered clouds
189,Warri,NG,5.5167,5.75,78.57,90,21,2.73,few clouds
190,Hay River,CA,60.8156,-115.7999,12.18,85,75,6.91,light snow
191,Kuminskiy,RU,58.6667,66.5667,12.06,85,28,9.93,scattered clouds
192,Kaitangata,NZ,-46.2817,169.8464,60.06,71,1,6.55,clear sky
193,Sinnamary,GF,5.3833,-52.95,77.05,86,100,10.8,overcast clouds
194,Khorixas,NA,-20.3667,14.9667,67.33,70,2,1.25,clear sky
195,Merritt Island,US,28.5392,-80.672,64.98,59,0,11.01,clear sky
196,Tual,ID,-5.6667,132.75,82.22,75,100,12.82,overcast clouds
197,Pisco,PE,-13.7,-76.2167,66.25,82,0,8.05,clear sky
198,Karoi,ZW,-16.8099,29.6925,63.82,93,100,3.71,overcast clouds
199,Gualeguay,AR,-33.1416,-59.3097,59.31,91,0,5.01,clear sky
200,Lebu,CL,-37.6167,-73.65,54.19,91,18,3.47,few clouds
201,Canto Do Buriti,BR,-8.11,-42.9444,73.67,74,58,2.37,broken clouds
202,Katsuura,JP,35.1333,140.3,59.11,83,93,21.12,overcast clouds
203,Bukachacha,RU,52.9833,116.9167,29.05,76,97,7.49,overcast clouds
204,Pierre,US,44.3683,-100.351,31.86,47,40,8.01,scattered clouds
205,Souillac,MU,-20.5167,57.5167,77.38,94,20,3.44,few clouds
206,Japura,ID,-0.3167,102.35,91.26,54,20,4.0,few clouds
207,Namatanai,PG,-3.6667,152.4333,85.14,67,89,6.02,overcast clouds
208,Upata,VE,8.0086,-62.3989,71.49,85,100,6.55,overcast clouds
209,Ritchie,ZA,-29.038,24.6028,52.81,32,3,4.63,clear sky
210,Sherbrooke,CA,45.4001,-71.8991,36.18,87,100,3.44,overcast clouds
211,Yudong,CN,29.385,106.5194,62.37,94,100,4.14,overcast clouds
212,Westport,US,41.1415,-73.3579,44.89,92,100,1.99,overcast clouds
213,Suntar,RU,62.1444,117.6319,28.92,80,100,4.99,overcast clouds
214,Makakilo City,US,21.3469,-158.0858,79.12,56,20,16.11,few clouds
215,Atikokan,CA,48.7555,-91.6216,4.28,81,53,10.16,broken clouds
216,Bethel,US,41.3712,-73.414,41.76,90,100,5.68,light rain
217,Novobirilyussy,RU,56.9514,90.6661,19.98,83,95,9.31,overcast clouds
218,Oistins,BB,13.0667,-59.5333,77.09,69,0,16.11,clear sky
219,Tautira,PF,-17.7333,-149.15,81.41,75,27,13.2,light rain
220,San Roque,ES,36.2107,-5.3842,56.91,88,99,20.36,overcast clouds
221,Padang,ID,-0.9492,100.3543,87.85,57,4,6.24,clear sky
222,Jertih,MY,5.7336,102.4897,87.87,63,58,4.18,broken clouds
223,Beloha,MG,-25.1667,45.05,73.27,89,96,7.81,overcast clouds
224,Irricana,CA,51.3237,-113.6048,41.14,57,99,6.24,overcast clouds
225,Baracoa,CU,20.3467,-74.4958,73.31,92,100,4.18,overcast clouds
226,Nhamunda,BR,-2.1861,-56.7131,73.92,98,29,2.19,scattered clouds
227,Jogeva,EE,58.7467,26.3939,22.89,68,58,12.21,broken clouds
228,Boralday,KZ,43.3578,76.8594,42.66,81,100,17.9,light intensity shower rain
229,Banda Aceh,ID,5.5577,95.3222,84.81,70,24,1.28,few clouds
230,Pangody,RU,65.85,74.4859,2.26,85,68,3.18,broken clouds
231,Kathu,TH,7.9178,98.3332,87.69,86,2,3.02,clear sky
232,Salalah,OM,17.0151,54.0924,82.49,37,100,1.5,overcast clouds
233,Almeirim,BR,-1.5233,-52.5817,73.78,98,99,4.14,light rain
234,Zaozerne,UA,45.1582,33.2787,46.45,85,100,23.67,overcast clouds
235,Provins,FR,48.5833,3.1667,45.79,69,0,8.84,clear sky
236,Myitkyina,MM,25.3833,97.4,84.54,42,44,2.93,scattered clouds
237,Luderitz,NA,-26.6481,15.1594,63.95,66,0,8.79,clear sky
238,Aguimes,ES,27.9054,-15.4461,57.83,67,20,15.01,few clouds
239,Yulin,CN,22.6333,110.15,66.07,76,97,9.31,overcast clouds
240,Talaya,RU,61.3833,152.75,10.85,76,99,3.38,overcast clouds
241,Cairns,AU,-16.9167,145.7667,93.07,62,40,10.36,scattered clouds
242,Noginsk,RU,55.8665,38.4438,28.17,82,100,16.87,overcast clouds
243,Penarroya-Pueblonuevo,ES,38.3,-5.2667,47.44,92,0,4.23,clear sky
244,Alyangula,AU,-13.8483,136.4192,93.07,49,75,3.44,broken clouds
245,Vardo,NO,70.3705,31.1107,26.22,62,100,24.32,light snow
246,Pontal Do Parana,BR,-25.6533,-48.5128,72.72,90,100,5.28,overcast clouds
247,Bathsheba,BB,13.2167,-59.5167,77.61,69,0,16.11,clear sky
248,Mazabuka,ZM,-15.856,27.748,64.53,97,100,1.7,light rain
249,Harper,LR,4.375,-7.7169,78.76,86,99,2.17,overcast clouds
250,Boundiali,CI,9.5217,-6.4869,75.92,72,59,4.68,broken clouds
251,Punta Alta,AR,-38.8759,-62.0736,60.98,56,0,15.26,clear sky
252,Pirovskoye,RU,57.6267,92.2658,18.43,83,100,12.08,overcast clouds
253,Srednekolymsk,RU,67.45,153.6833,11.55,81,100,15.52,overcast clouds
254,Wawa,NG,9.9022,4.4192,79.38,21,54,1.88,broken clouds
255,Chokurdakh,RU,70.6333,147.9167,2.7,91,100,10.13,overcast clouds
256,Saint Anthony,US,45.0205,-93.218,26.26,41,0,14.97,clear sky
257,Erenhot,CN,43.6475,111.9767,41.04,12,0,16.78,clear sky
258,Benguela,AO,-12.5763,13.4055,76.75,84,99,2.64,overcast clouds
259,Kolokani,ML,13.5728,-8.0339,82.18,23,76,6.82,broken clouds
260,Imeni Poliny Osipenko,RU,52.4201,136.4853,24.12,84,100,21.9,overcast clouds
261,Ibicarai,BR,-14.865,-39.5875,74.23,86,70,0.27,broken clouds
262,Luanda,AO,-8.8368,13.2343,78.69,88,100,5.46,overcast clouds
263,Parrita,CR,9.5201,-84.3225,77.65,77,99,4.09,overcast clouds
264,Manta,EC,-0.95,-80.7333,78.58,89,100,1.14,overcast clouds
265,Lar,IN,26.2039,83.9717,88.88,10,0,5.23,clear sky
266,Belaya Gora,RU,68.5333,146.4167,8.96,86,86,9.26,overcast clouds
267,Sabang,ID,5.8933,95.3214,82.35,74,22,1.61,few clouds
268,Murud,IN,18.3258,72.965,85.69,51,14,3.22,few clouds
269,Pandan,PH,14.0453,124.1694,85.03,71,12,10.33,few clouds
270,Sembe,CG,1.6481,14.5806,70.45,82,98,2.06,overcast clouds
271,Hofn,IS,64.2539,-15.2082,44.89,96,100,7.05,overcast clouds
272,Kahului,US,20.8947,-156.47,77.02,69,100,12.66,overcast clouds
273,Innisfail,AU,-17.5333,146.0333,83.3,65,69,8.86,broken clouds
274,Caernarfon,GB,53.1413,-4.2702,48.07,79,6,4.61,clear sky
275,Faya,SA,18.3851,42.4509,55.51,40,26,3.56,scattered clouds
276,Ponta Delgada,PT,37.7333,-25.6667,59.72,82,40,12.66,scattered clouds
277,Homer,US,59.6425,-151.5483,38.8,64,99,5.99,overcast clouds
278,Hanko,FI,59.8333,22.95,26.06,60,100,16.24,overcast clouds
279,Bandarbeyla,SO,9.4942,50.8122,76.75,64,9,6.93,clear sky
280,Jalu,LY,29.0331,21.5482,54.39,21,0,10.11,clear sky
281,Afonso Claudio,BR,-20.0742,-41.1239,69.4,95,18,1.7,few clouds
282,Zogno,IT,45.7919,9.6562,53.15,51,0,5.75,clear sky
283,Ushumun,RU,52.7833,126.5333,32.18,54,49,9.98,scattered clouds
284,Eltham,NZ,-39.4292,174.3,66.69,68,45,9.95,scattered clouds
285,Peshkopi,AL,41.685,20.4289,42.03,59,0,3.67,clear sky
286,Manyoni,TZ,-5.7467,34.8382,61.34,94,73,1.68,broken clouds
287,Georgetown,MY,5.4112,100.3354,91.33,74,20,3.44,few clouds
288,Jining,CN,35.405,116.5814,56.98,17,100,13.22,overcast clouds
289,Ketchikan,US,55.3422,-131.6461,44.58,91,99,1.77,overcast clouds
290,Faanui,PF,-16.4833,-151.75,82.0,73,19,11.43,few clouds
291,Hamilton,US,39.1834,-84.5333,32.23,67,20,11.5,few clouds
292,Mae Sai,TH,20.4335,99.8762,93.94,26,19,2.1,few clouds
293,Longyearbyen,SJ,78.2186,15.6401,-4.16,71,20,11.5,few clouds
294,Vila,PT,42.0304,-8.1588,47.28,86,91,4.23,overcast clouds
295,Alindao,CF,5.0267,21.2088,70.25,49,84,1.41,broken clouds
296,Teacapan,MX,22.55,-105.75,66.24,80,0,1.97,clear sky
297,Necochea,AR,-38.5473,-58.7368,55.65,90,8,8.08,clear sky
298,Cao Bang,VN,22.6667,106.25,68.76,65,100,8.99,overcast clouds
299,Floro,NO,61.5996,5.0328,43.97,100,100,6.91,drizzle
300,Khasan,RU,42.4308,130.6434,43.66,40,69,18.54,broken clouds
301,Palauig,PH,15.435,119.9045,87.28,66,9,10.2,clear sky
302,Takoradi,GH,4.8845,-1.7554,79.32,86,100,6.06,overcast clouds
303,Mandera,KE,3.9366,41.867,82.45,57,34,5.23,scattered clouds
304,Najran,SA,17.4924,44.1277,61.45,31,2,4.92,clear sky
305,Arkhangelsk,RU,64.5401,40.5433,19.51,67,20,13.42,few clouds
306,Naze,JP,28.3667,129.4833,65.32,74,100,5.7,overcast clouds
307,Fernley,US,39.608,-119.2518,64.67,25,83,5.01,broken clouds
308,Ishigaki,JP,24.3448,124.1572,69.93,94,75,14.97,broken clouds
309,Bonavista,CA,48.6499,-53.1147,32.32,87,89,12.66,overcast clouds
310,Ixtapa,MX,20.7,-105.2,71.22,79,1,2.48,clear sky
311,Bubaque,GW,11.2833,-15.8333,76.14,61,79,13.33,broken clouds
312,Port Lavaca,US,28.615,-96.6261,67.98,94,0,6.91,clear sky
313,Gorlice,PL,49.6556,21.1604,38.28,74,7,5.3,clear sky
314,Alofi,NU,-19.0595,-169.9187,82.29,83,95,9.22,overcast clouds
315,Nanga Eboko,CM,4.6833,12.3667,67.08,83,99,1.97,overcast clouds
316,Maryville,US,35.7565,-83.9705,46.54,44,22,4.29,few clouds
317,Qiqihar,CN,47.3408,123.9672,42.21,34,31,12.77,scattered clouds
318,Bay City,US,43.5945,-83.8889,25.12,80,100,14.97,mist
319,Fremont,US,37.5483,-121.9886,60.17,82,0,11.5,clear sky
320,Morganton,US,35.7454,-81.6848,46.69,27,0,4.61,clear sky
321,Mookane,BW,-23.688,26.6595,63.75,98,43,5.7,scattered clouds
322,Ostrovskoye,RU,57.8057,42.2433,28.26,91,99,8.05,overcast clouds
323,Narok,KE,-1.0783,35.8601,58.73,83,54,2.33,broken clouds
324,Mapastepec,MX,15.4333,-92.9,76.19,63,46,4.61,scattered clouds
325,Krasnoborsk,RU,61.5598,45.934,27.23,97,100,11.48,snow
326,Comodoro Rivadavia,AR,-45.8667,-67.5,58.86,36,0,19.57,clear sky
327,Nong Khai,TH,17.9167,103.0833,93.6,45,12,1.61,few clouds
328,Phangnga,TH,8.4509,98.5298,87.84,57,5,2.17,clear sky
329,Menongue,AO,-14.6585,17.691,63.99,90,100,2.86,overcast clouds
330,Coahuayana,MX,18.7333,-103.6833,67.3,62,1,3.42,clear sky
331,Ust-Ilimsk,RU,58.0006,102.6619,18.28,82,100,14.56,light snow
332,Serafimovich,RU,49.5786,42.736,38.62,94,100,15.05,light rain
333,Katherine,AU,-14.4667,132.2667,97.12,38,40,4.61,scattered clouds
334,Mayo,US,38.8876,-76.5119,42.98,60,0,14.97,clear sky
335,Teseney,ER,15.11,36.6575,65.37,67,24,9.31,few clouds
336,Lumberton,US,34.6182,-79.0086,50.83,38,25,13.04,scattered clouds
337,Siguiri,GN,11.6667,-9.5,81.59,56,98,4.54,overcast clouds
338,Acapulco,MX,16.8634,-99.8901,76.75,54,84,3.6,broken clouds
339,Burns Lake,CA,54.2331,-125.7533,33.22,97,84,2.17,broken clouds
340,Usinsk,RU,65.9939,57.5281,10.8,86,100,19.24,overcast clouds
341,Marathon,US,44.9,-89.7668,24.04,52,0,13.8,clear sky
342,Cortez,US,37.3489,-108.5859,52.7,24,59,5.97,broken clouds
343,Parkes,AU,-33.1333,148.1833,70.63,78,100,1.01,overcast clouds
344,Okhotsk,RU,59.3833,143.3,16.7,76,22,2.39,few clouds
345,Paamiut,GL,61.994,-49.6678,18.73,78,5,9.04,clear sky
346,Mola Di Bari,IT,41.0609,17.0873,50.31,78,97,6.17,overcast clouds
347,Iqaluit,CA,63.7506,-68.5145,19.13,79,75,9.22,broken clouds
348,Gotsu,JP,35.0,132.2167,56.88,56,96,7.4,overcast clouds
349,Port Hedland,AU,-20.3167,118.5667,93.25,49,65,12.66,broken clouds
350,Umm Lajj,SA,25.0213,37.2685,68.63,29,0,23.15,clear sky
351,Omsukchan,RU,62.5333,155.8,9.48,80,100,3.6,overcast clouds
352,Fairbanks,US,64.8378,-147.7164,37.74,58,100,0.0,overcast clouds
353,Shelekhov,RU,52.2139,104.1,32.38,70,100,9.06,overcast clouds
354,Hazorasp,UZ,41.3194,61.0742,39.04,58,7,10.83,clear sky
355,Manggar,ID,-2.8833,108.2667,85.89,66,21,4.56,few clouds
356,Petropavlovsk-Kamchatskiy,RU,53.0452,158.6483,30.79,55,0,17.9,clear sky
357,Bambous Virieux,MU,-20.3428,57.7575,81.21,94,20,3.44,few clouds
358,Sur,OM,22.5667,59.5289,84.22,45,1,4.88,clear sky
359,Nhulunbuy,AU,-12.2333,136.7667,88.41,62,75,12.66,broken clouds
360,Zhigansk,RU,66.7697,123.3711,12.92,93,99,9.55,overcast clouds
361,Oranjemund,NA,-28.55,16.4333,58.64,79,0,4.85,clear sky
362,Aksu,CN,41.1231,80.2644,51.82,40,90,2.91,overcast clouds
363,Gambela,ET,8.25,34.5833,79.36,47,74,3.13,broken clouds
364,Shestakovo,RU,56.4915,103.96,19.72,79,91,13.53,overcast clouds
365,Udachnyy,RU,66.4167,112.4,16.45,92,95,5.21,overcast clouds
366,Tanuku,IN,16.75,81.7,80.96,53,42,6.82,scattered clouds
367,Guerrero Negro,MX,27.9769,-114.0611,60.3,91,1,11.52,clear sky
368,Thinadhoo,MV,0.5333,72.9333,81.57,69,4,9.82,clear sky
369,Kavaratti,IN,10.5669,72.642,82.51,70,8,3.83,clear sky
370,Torma,EE,58.8128,26.7383,23.54,68,43,12.68,scattered clouds
371,Badou,TG,7.5833,0.6,74.26,75,100,1.25,overcast clouds
372,Coos Bay,US,43.3665,-124.2179,54.0,96,100,0.0,overcast clouds
373,Colares,PT,38.7992,-9.4469,57.76,72,59,8.01,broken clouds
374,Sitka,US,57.0531,-135.33,35.56,86,25,3.24,scattered clouds
375,Iglesias,IT,39.3114,8.535,56.62,75,8,11.77,clear sky
376,Davidson,US,36.1501,-86.7833,46.85,33,0,5.75,clear sky
377,Thomaston,US,32.8882,-84.3266,55.18,35,0,9.22,clear sky
378,Vanimo,PG,-2.6741,141.3028,81.5,83,99,5.5,overcast clouds
379,Zhangye,CN,38.9342,100.4517,53.26,17,1,8.77,clear sky
380,Aswan,EG,24.0934,32.907,54.25,38,0,12.17,clear sky
381,Ous,RU,60.9058,61.5186,21.24,87,100,11.41,overcast clouds
382,Taoudenni,ML,22.6783,-3.9836,77.11,15,85,7.36,overcast clouds
383,Karratha,AU,-20.7377,116.8463,89.37,52,67,9.62,broken clouds
384,Calella,ES,41.618,2.6678,57.92,76,100,11.9,overcast clouds
385,Kaeo,NZ,-35.1,173.7833,74.32,66,89,3.6,overcast clouds
386,Turukhansk,RU,65.8167,87.9833,11.8,89,100,10.07,overcast clouds
387,Khandbari,NP,27.3747,87.2039,80.26,20,0,4.41,clear sky
388,Pinawa,CA,50.1489,-95.8811,0.36,73,2,8.28,clear sky
389,Kabare,CD,-2.4683,28.8242,59.72,95,100,1.57,overcast clouds
390,Ilulissat,GL,69.2167,-51.1,8.42,79,100,6.85,overcast clouds
391,Xam Nua,LA,20.4197,104.0439,86.23,36,4,1.01,clear sky
392,Port-Gentil,GA,-0.7193,8.7815,81.39,82,99,13.96,overcast clouds
393,Guane,CU,22.2025,-84.0875,64.8,76,7,7.14,clear sky
394,Xining,CN,36.6167,101.7667,42.8,32,6,4.83,clear sky
395,Amapa,BR,1.0,-52.0,72.27,99,100,2.24,overcast clouds
396,Colesberg,ZA,-30.72,25.0972,56.07,65,44,3.51,scattered clouds
397,Zaragoza,ES,41.6561,-0.8773,49.86,84,100,2.3,overcast clouds
398,Lomovka,RU,53.9194,58.3672,20.64,88,42,4.61,scattered clouds
399,Muhos,FI,64.808,25.9931,13.78,88,39,5.93,scattered clouds
400,Bereznik,RU,62.8551,42.7072,16.47,88,100,17.09,light snow
401,Todos Santos,MX,23.45,-110.2167,73.31,76,12,5.37,few clouds
402,Altay,CN,47.8667,88.1167,41.23,57,100,1.77,overcast clouds
403,Ugoofaaru,MV,5.6667,73.0,81.93,66,0,6.93,clear sky
404,Pontes E Lacerda,BR,-15.2261,-59.3353,69.6,96,61,3.33,broken clouds
405,Kutum,SD,14.2,24.6667,55.26,17,6,13.0,clear sky
406,Bima,ID,-8.4667,118.7167,88.39,66,8,1.88,clear sky
407,La Ronge,CA,55.1001,-105.2842,3.45,36,0,5.75,clear sky
408,Mezen,RU,65.8522,44.24,13.73,75,100,12.41,overcast clouds
409,Tamandare,BR,-8.7597,-35.1047,76.96,86,57,2.73,broken clouds
410,Pedernales,DO,18.0384,-71.744,76.75,70,73,3.4,broken clouds
411,Gizo,SB,-8.103,156.8419,80.74,79,100,5.84,moderate rain
412,Poum,NC,-20.2333,164.0167,81.03,68,48,7.49,scattered clouds
413,Santo Antonio Do Ica,BR,-3.1022,-67.9397,73.65,99,100,1.74,overcast clouds
414,Ancud,CL,-41.8697,-73.8203,50.23,86,19,4.76,light rain
415,Omboue,GA,-1.5746,9.2618,77.99,90,97,8.43,overcast clouds
416,Jinchang,CN,38.4953,102.1739,50.5,20,0,6.98,clear sky
417,Yeniseysk,RU,58.4497,92.1703,18.88,79,100,11.18,overcast clouds
418,Koupela,BF,12.1794,-0.3517,83.05,15,47,7.76,scattered clouds
419,Cap Malheureux,MU,-19.9842,57.6142,81.46,82,6,1.01,clear sky
420,Jieshi,CN,22.8134,115.8257,71.94,86,100,20.83,overcast clouds
421,Sabla,NG,12.7525,4.7077,78.49,10,2,16.62,clear sky
422,Port Hardy,CA,50.6996,-127.4199,46.58,87,100,3.44,overcast clouds
423,Sibolga,ID,1.7427,98.7792,86.83,55,10,4.5,clear sky
424,Hatod,IN,22.8,75.7333,80.92,29,6,5.75,haze
425,Bardiyah,LY,31.7561,25.0865,53.15,65,0,3.62,clear sky
426,Escanaba,US,45.7453,-87.0646,23.31,63,100,10.36,overcast clouds
427,Colchester,GB,51.8892,0.9042,47.73,93,1,8.1,clear sky
428,Cerinza,CO,5.9557,-72.9478,53.56,94,99,1.81,overcast clouds
429,Springbok,ZA,-29.6643,17.8865,59.83,29,0,2.64,clear sky
430,Mattru,SL,7.6244,-11.8332,76.44,91,100,3.71,light rain
431,Yeppoon,AU,-23.1333,150.7333,82.18,56,73,11.03,broken clouds
432,San Patricio,US,28.017,-97.5169,68.09,66,20,11.97,few clouds
433,Yerofey Pavlovich,RU,53.9667,121.9667,32.68,65,28,4.83,light snow
434,Bud,US,39.447,-86.1758,30.9,70,31,11.43,scattered clouds
435,Boende,CD,-0.2167,20.8667,72.48,83,64,2.86,broken clouds
436,Jasper,US,37.2001,-94.3502,47.88,69,31,9.44,scattered clouds
437,Kayes,ML,14.0,-11.0,85.8,18,40,6.73,scattered clouds
438,Rivadavia,AR,-33.1905,-68.4608,62.78,34,1,6.15,clear sky
439,Gold Coast,AU,-28.0,153.4333,83.16,71,54,6.91,broken clouds
440,Artyom,AZ,40.4723,50.333,46.54,86,96,14.32,overcast clouds
441,Muroto,JP,33.2833,134.15,60.57,74,83,8.77,broken clouds
442,Klaksvik,FO,62.2266,-6.589,45.52,69,100,26.06,overcast clouds
443,Barcelos,PT,41.5388,-8.6151,55.54,75,83,4.38,broken clouds
444,Adilabad,IN,19.6667,78.5333,96.51,19,17,5.64,few clouds
445,Barda,AZ,40.3744,47.1267,42.08,54,6,10.29,clear sky
446,Kazachinskoye,RU,57.6953,93.2761,19.02,79,100,12.03,overcast clouds
447,Darhan,MN,49.4867,105.9228,40.66,22,4,8.23,clear sky
448,Haines Junction,CA,60.7522,-137.5108,31.95,55,100,8.05,overcast clouds
449,Rayachoti,IN,14.05,78.75,86.18,52,5,5.61,clear sky
450,Oriximina,BR,-1.7656,-55.8661,74.25,96,45,3.13,scattered clouds
451,Skjervoy,NO,70.0311,20.9714,21.2,69,100,6.11,light snow
452,Porto Santo,PT,33.072,-16.3415,61.18,88,40,20.71,scattered clouds
453,Luis Correia,BR,-2.8792,-41.6669,76.82,88,97,7.83,overcast clouds
454,Raudeberg,NO,61.9875,5.1352,42.96,88,100,22.35,light rain
455,Matozinhos,BR,-19.5578,-44.0814,73.83,73,0,4.61,clear sky
456,Ducheng,CN,23.2373,111.5317,63.75,79,100,5.1,overcast clouds
457,Dwarka,IN,22.2394,68.9678,82.63,58,6,8.77,clear sky
458,Butterworth,MY,5.3991,100.3638,91.44,74,20,3.44,few clouds
459,Christchurch,NZ,-43.5333,172.6333,69.42,74,18,10.36,few clouds
460,Wuda,CN,39.4994,106.7117,47.82,11,70,12.93,broken clouds
461,Mogwase,ZA,-25.185,27.2665,61.5,88,4,2.48,clear sky
462,Isla Mujeres,MX,21.2311,-86.731,73.17,58,47,12.41,scattered clouds
463,Ormara,PK,25.2088,64.6357,80.46,47,0,8.12,clear sky
464,Meulaboh,ID,4.1363,96.1285,85.03,62,12,3.09,few clouds
465,Hede,CN,33.7681,120.2517,52.39,55,100,18.97,overcast clouds
466,Bonthe,SL,7.5264,-12.505,76.86,88,100,7.87,light rain
467,Santa Isabel,BR,-23.3156,-46.2214,72.7,96,97,2.73,overcast clouds
468,Bilma,NE,18.6853,12.9164,67.03,15,28,8.28,scattered clouds
469,Medianeira,BR,-25.2953,-54.0939,57.85,89,0,1.12,clear sky
470,Manati,PR,18.4275,-66.4921,74.57,92,79,5.59,broken clouds
471,Tomatlan,MX,19.9333,-105.25,63.91,75,0,2.15,clear sky
472,Charagua,BO,-19.8,-63.2167,60.19,58,83,3.53,broken clouds
473,Qui Nhon,VN,13.7667,109.2333,85.6,65,0,10.4,clear sky
474,Angoche,MZ,-16.2325,39.9086,77.72,82,85,1.86,overcast clouds
475,Plettenberg Bay,ZA,-34.0527,23.3716,60.42,82,38,4.59,scattered clouds
476,Garowe,SO,8.4054,48.4845,71.44,50,4,3.09,clear sky
477,Tura,IN,25.5198,90.2201,86.34,40,0,4.38,clear sky
478,Ondangwa,NA,-17.9167,15.95,57.2,100,6,3.44,clear sky
479,Tera,NE,14.0078,0.7531,80.82,12,61,14.05,broken clouds
480,Sakakah,SA,29.9697,40.2064,45.97,43,0,6.33,clear sky
481,Catanduva,BR,-21.1378,-48.9728,69.82,92,21,3.74,few clouds
482,San Policarpo,PH,12.1791,125.5072,82.42,77,99,10.38,overcast clouds
483,Beloye,UA,48.4952,39.0505,37.98,80,100,14.7,light rain
484,Whitecourt,CA,54.1502,-115.6855,24.04,93,100,10.36,overcast clouds
485,Noumea,NC,-22.2763,166.4572,84.18,73,80,16.35,broken clouds
486,Deputatskiy,RU,69.3,139.9,4.87,85,54,3.94,broken clouds
487,Vokhma,RU,58.9303,46.7586,29.8,94,100,16.55,light snow
488,Ust-Nera,RU,64.5667,143.2,7.95,86,94,5.39,overcast clouds
489,Alice Springs,AU,-23.7,133.8833,85.55,10,0,8.05,clear sky
490,Timra,SE,62.487,17.3257,31.68,74,100,3.44,overcast clouds
491,Svetlaya,RU,46.5389,138.3297,39.15,71,34,13.4,scattered clouds
492,Vrangel,RU,42.7297,133.0839,39.13,66,95,17.47,overcast clouds
493,Gull Lake,CA,50.1001,-108.4847,32.7,52,71,16.96,broken clouds
494,Tilichiki,RU,60.4667,166.1,17.2,72,24,1.97,few clouds
495,Ngunguru,NZ,-35.6167,174.5,66.04,70,100,12.01,overcast clouds
496,Kjopsvik,NO,68.097,16.3742,28.17,84,100,8.81,overcast clouds
497,Masuguru,TZ,-11.3667,38.4167,72.5,97,44,2.06,scattered clouds
498,Maracacume,BR,-2.0428,-45.9592,73.58,99,97,2.3,overcast clouds
499,Santa Luzia,BR,-19.7697,-43.8514,74.3,73,0,3.44,clear sky
500,Killybegs,IE,54.6333,-8.45,47.19,77,43,6.06,scattered clouds
501,Tonj,SS,7.2737,28.6822,73.83,17,78,2.48,broken clouds
502,Almaty,KZ,43.25,76.95,40.91,81,100,17.9,light rain
503,Joura,IN,26.3411,77.8115,92.59,8,0,9.42,clear sky
504,Isabela,PH,6.7085,121.9711,86.05,67,97,2.3,moderate rain
505,Channel-Port Aux Basques,CA,47.5702,-59.1367,34.07,87,98,11.34,overcast clouds
506,San Rafael,AR,-34.6177,-68.3301,66.18,23,5,5.77,clear sky
507,Mogadishu,SO,2.0371,45.3438,80.47,89,40,8.05,scattered clouds
508,Xique-Xique,BR,-10.8218,-42.7263,78.53,63,59,12.53,broken clouds
509,Hagere Hiywet,ET,8.9833,37.85,56.66,79,31,5.1,scattered clouds
510,Coronel,CL,-37.0167,-73.1333,52.07,92,0,4.94,clear sky
511,Baykit,RU,61.67,96.37,16.65,87,100,11.39,overcast clouds
512,Pinosava,RS,44.6953,20.4808,45.55,50,0,4.61,clear sky
513,Kostyantynivka,UA,48.5277,37.7069,39.94,58,100,16.51,light rain
514,Sabha,LY,27.0377,14.4283,56.25,16,74,14.7,broken clouds
515,The Valley,AI,18.217,-63.0578,77.09,68,12,12.41,few clouds
516,Markivka,UA,49.5229,39.5705,36.75,73,99,17.2,overcast clouds
517,Burnie,AU,-41.0667,145.9167,67.26,79,53,10.29,broken clouds
518,Dezful,IR,32.3811,48.4058,55.74,42,0,0.81,clear sky
519,San Luis,AR,-33.295,-66.3356,58.59,40,0,6.38,clear sky
520,Orlik,RU,52.5178,99.825,24.04,65,52,6.15,broken clouds
521,Tuatapere,NZ,-46.1333,167.6833,64.42,64,5,5.93,clear sky
522,Uvalde,US,29.3669,-99.767,72.59,11,0,10.36,clear sky
523,San Cristobal,VE,7.7669,-72.225,73.58,92,100,1.66,overcast clouds
524,High Level,CA,58.5169,-117.136,17.71,57,20,2.3,few clouds
525,Shelabolikha,RU,53.4131,82.6167,20.39,85,100,13.02,overcast clouds
526,Gudari,IN,19.35,83.7833,98.29,29,49,2.1,scattered clouds
527,Gorshechnoye,RU,51.5244,38.0365,29.08,81,72,19.44,broken clouds
528,Kirakira,SB,-10.4544,161.9205,82.13,82,97,9.86,overcast clouds
529,Asau,RO,46.4333,26.4,43.72,83,75,1.66,broken clouds
530,Zhaotong,CN,27.3167,103.7167,40.32,93,100,3.06,overcast clouds
531,Puerto Asis,CO,0.5133,-76.5007,70.25,98,100,1.45,light rain
532,Kharar,IN,30.7444,76.6478,87.4,13,0,9.1,clear sky
533,Balakhta,RU,55.38,91.6,15.37,85,93,4.23,overcast clouds
534,Inuvik,CA,68.3499,-133.7218,2.26,57,20,9.22,few clouds
535,Thunder Bay,CA,48.4001,-89.3168,12.18,44,0,11.5,clear sky
536,Kyra,RU,49.5776,111.9753,31.96,36,24,4.76,few clouds
537,Xudat,AZ,41.631,48.681,40.24,65,21,7.92,few clouds
538,Kidal,ML,18.4411,1.4078,78.37,12,20,12.71,few clouds
539,Vestmanna,FO,62.1564,-7.1664,43.72,93,75,18.41,broken clouds
540,Portland,US,45.5234,-122.6762,59.85,79,100,1.01,overcast clouds
541,Kenitra,MA,34.261,-6.5802,48.96,87,6,8.75,clear sky
542,Chirala,IN,15.8167,80.35,87.31,64,25,12.15,scattered clouds
543,Mayor Pablo Lagerenza,PY,-19.9309,-60.7718,65.66,41,96,2.68,overcast clouds
544,Kruisfontein,ZA,-34.0033,24.7314,58.89,92,2,4.18,clear sky
545,Atar,MR,20.5169,-13.0499,66.96,19,10,5.41,clear sky
546,Razdolinsk,RU,58.4211,94.6658,14.72,84,100,13.53,overcast clouds
547,Asyut,EG,27.181,31.1837,51.98,32,0,7.87,clear sky
548,Maroantsetra,MG,-15.4333,49.7333,78.12,86,54,1.88,broken clouds
549,Sonoma,US,38.55,-122.9011,55.72,75,100,2.59,overcast clouds
550,Thongwa,MM,16.7619,96.5278,86.16,48,62,5.53,broken clouds
551,Abnub,EG,27.2696,31.1511,52.83,31,0,8.05,clear sky
552,Sayat,TM,38.7839,63.8803,50.95,41,7,7.43,clear sky
553,Chokwe,MZ,-24.5333,32.9833,67.62,95,11,1.77,few clouds
554,Beyneu,KZ,45.3167,55.2,37.56,78,84,10.94,broken clouds
555,Hurricane,US,37.1753,-113.2899,71.02,18,39,4.09,scattered clouds
556,Cherskiy,RU,68.75,161.3,2.7,87,100,8.34,overcast clouds
557,Goksun,TR,38.021,36.4973,19.45,93,29,6.33,scattered clouds
558,Waipawa,NZ,-41.4122,175.5153,55.71,84,98,11.39,overcast clouds
559,Magangue,CO,9.242,-74.7547,79.47,81,48,3.22,scattered clouds
560,Talara,PE,-4.5772,-81.2719,73.27,81,99,11.86,overcast clouds
561,Mazatlan,MX,23.2167,-106.4167,69.91,88,24,3.0,few clouds
562,Ehingen,DE,48.2826,9.7275,37.89,65,0,2.3,clear sky
563,Pau Brasil,BR,-15.4642,-39.6511,70.05,96,28,0.69,scattered clouds
564,Matelandia,BR,-25.2408,-53.9964,57.36,85,0,0.89,clear sky
565,Bemidji,US,47.4736,-94.8803,11.91,66,0,12.66,clear sky
566,Krylovskaya,RU,46.3194,39.9711,42.3,69,99,31.81,overcast clouds
567,Mindelo,CV,16.8901,-24.9804,67.15,74,94,7.07,overcast clouds
568,Bambanglipuro,ID,-7.95,110.2833,84.67,70,66,6.8,broken clouds
569,Hvolsvollur,IS,63.7533,-20.2243,43.47,98,100,3.44,light rain
570,Zhanaozen,KZ,43.3,52.8,37.2,88,38,8.84,scattered clouds
571,Bitung,ID,1.4451,125.1824,90.45,70,100,4.38,overcast clouds
572,Presidencia Roque Saenz Pena,AR,-26.7852,-60.4388,62.35,72,0,4.9,clear sky
573,Sola,VU,-13.8833,167.55,83.01,73,90,9.48,overcast clouds
574,Lagoa,PT,39.05,-27.9833,59.09,87,62,17.81,broken clouds
575,Araouane,ML,18.9048,-3.5265,79.59,30,62,7.52,broken clouds
576,Velika Kladusa,BA,45.1894,15.8117,44.87,62,0,1.07,clear sky
577,Kysyl-Syr,RU,63.8986,122.7617,23.77,89,100,8.43,overcast clouds
578,Port Said,EG,31.2565,32.2841,56.12,82,0,9.06,clear sky
579,Santa Catarina De Tepehuanes,MX,25.35,-105.7333,52.03,33,61,3.94,broken clouds
580,Setermoen,NO,68.861,18.3486,16.11,90,98,5.21,overcast clouds
581,Robertsport,LR,6.7533,-11.3686,77.41,88,100,7.23,overcast clouds
582,Qarqin,AF,37.4185,66.0436,56.39,36,25,15.32,scattered clouds
583,Machaneng,BW,-23.1862,27.4886,63.28,97,41,4.94,scattered clouds
584,Ust-Uda,RU,54.1742,103.0304,23.72,67,72,11.9,broken clouds
585,Yenagoa,NG,4.9247,6.2642,78.55,90,16,3.67,few clouds
586,Coolum Beach,AU,-26.5333,153.1,80.11,79,70,9.35,broken clouds
587,Coruripe,BR,-10.1256,-36.1756,77.68,83,82,5.82,broken clouds
588,Novyy Urengoy,RU,66.0833,76.6333,-2.24,90,6,5.93,clear sky
589,Tumut,AU,-35.3,148.2167,80.46,30,100,9.64,overcast clouds
590,Shadrinsk,RU,56.0852,63.6335,7.34,95,69,8.77,broken clouds
591,Amazar,RU,53.858,120.875,33.67,65,15,5.5,few clouds
592,Atambua,ID,-9.1061,124.8925,81.73,73,27,3.0,scattered clouds
593,Kieta,PG,-6.2167,155.6333,82.94,77,99,3.58,moderate rain
594,Egvekinot,RU,66.3167,-179.1667,5.79,95,86,1.07,overcast clouds
595,Paita,PE,-5.0892,-81.1144,73.11,78,100,10.67,overcast clouds
596,Luganville,VU,-15.5333,167.1667,82.87,80,98,3.6,overcast clouds
597,Vila Velha,BR,-20.3297,-40.2925,76.95,86,25,1.99,scattered clouds
598,Shenjiamen,CN,29.9576,122.298,55.78,50,82,8.32,broken clouds
599,Caconda,AO,-13.7333,15.0667,59.79,85,100,1.86,overcast clouds
600,Savinskiy,RU,62.9342,40.1361,17.24,80,100,18.95,overcast clouds
601,Banikoara,BJ,11.2985,2.4386,80.53,14,6,6.6,clear sky
602,Lixourion,GR,38.2019,20.4314,53.19,64,100,2.01,overcast clouds
603,Lakatoro,VU,-16.0999,167.4164,82.99,78,100,3.38,light rain
604,Fort Nelson,CA,58.8053,-122.7002,24.84,98,100,2.89,overcast clouds
605,Tombouctou,ML,20.0,-3.0,76.87,39,65,3.65,broken clouds
606,Tshikapa,CD,-6.4167,20.8,70.18,93,97,1.9,overcast clouds
607,Villacarrillo,ES,38.1156,-3.0848,41.07,85,1,4.94,clear sky
608,Yerbogachen,RU,61.2767,108.0108,25.36,91,100,8.03,light snow
609,Zakamensk,RU,50.3741,103.2863,33.73,47,99,4.07,overcast clouds
610,Halifax,CA,44.6453,-63.5724,37.69,94,94,6.91,overcast clouds
611,Chapais,CA,49.7834,-74.8492,28.18,95,100,11.63,light snow
612,Olafsvik,IS,64.8945,-23.7142,34.66,74,100,9.44,overcast clouds
613,Castle Rock,US,39.3722,-104.8561,58.95,37,100,4.0,overcast clouds
614,Almaznyy,RU,48.0448,40.045,36.34,96,100,20.78,overcast clouds
615,Xianyang,CN,34.3378,108.7026,61.61,17,100,12.71,overcast clouds
616,Leh,IN,34.1667,77.5833,25.25,46,0,1.77,clear sky
617,Abu Dhabi,AE,24.4667,54.3667,72.97,71,0,25.52,clear sky
618,Mawlaik,MM,23.6333,94.4167,91.71,33,6,2.1,clear sky
619,Altamont,US,42.2068,-121.7372,56.79,25,0,12.66,clear sky
620,Flinders,AU,-34.5833,150.8552,73.38,79,99,5.84,light rain
621,Baruun-Urt,MN,46.6806,113.2792,36.52,13,0,15.12,clear sky
622,Yantikovo,RU,55.8216,47.9104,30.92,95,100,6.98,overcast clouds
623,Fortuna,US,40.5982,-124.1573,54.66,89,0,1.01,clear sky
624,Olhao,PT,37.0286,-7.8411,57.09,77,0,13.8,clear sky
625,Galeana,MX,24.8333,-100.0667,51.22,28,63,3.44,broken clouds
626,Southbridge,US,42.0751,-72.0334,41.16,92,100,1.99,overcast clouds
627,Kungurtug,RU,50.5994,97.5228,25.07,64,100,2.06,overcast clouds
628,Broome,US,42.2506,-75.833,38.7,77,100,10.36,overcast clouds
629,Varkkallai,IN,8.7341,76.7067,87.58,70,5,2.68,clear sky
630,Badnawar,IN,23.0167,75.2167,91.0,9,6,2.86,clear sky
631,Guinope,HN,13.8833,-86.9333,60.89,84,65,6.85,broken clouds
632,Kudligi,IN,14.9,76.3833,84.4,53,26,4.88,scattered clouds
633,Pathein,MM,16.7833,94.7333,92.53,43,27,9.08,scattered clouds
634,Ciudad Guayana,VE,8.3533,-62.6528,74.23,85,98,6.73,overcast clouds
635,Santa Isabel Do Rio Negro,BR,-0.4139,-65.0192,73.99,99,100,4.79,moderate rain
636,Coquimbo,CL,-29.9533,-71.3436,61.92,84,7,4.07,clear sky
637,Rzhev,RU,56.2624,34.3282,22.77,82,100,21.21,overcast clouds
638,Tshela,CD,-4.9833,12.9333,73.98,99,100,0.78,light rain
639,Maine-Soroa,NE,13.2114,12.0241,69.96,18,25,13.33,scattered clouds
640,Bandar-E Lengeh,IR,26.5579,54.8807,77.99,41,0,9.95,clear sky
641,Port Lincoln,AU,-34.7333,135.8667,78.75,36,92,7.38,overcast clouds
642,Rio Gallegos,AR,-51.6226,-69.2181,50.13,59,100,26.4,overcast clouds
643,Arlit,NE,18.7369,7.3853,72.75,12,12,6.98,few clouds
644,Samana,DO,19.2056,-69.3369,72.03,85,86,4.25,overcast clouds
645,Lugovoy,KZ,42.9472,72.7644,46.0,67,98,6.29,overcast clouds
646,Le Vauclin,MQ,14.5452,-60.8388,75.25,83,20,4.61,few clouds
647,Cabedelo,BR,-6.9811,-34.8339,78.69,82,76,6.06,broken clouds
648,Andapa,MG,-14.65,49.65,72.3,96,71,0.83,broken clouds
649,Dakar,SN,14.6937,-17.4441,63.48,84,54,14.74,broken clouds
650,Jacqueville,CI,5.2052,-4.4146,78.58,81,100,1.41,overcast clouds
651,Winfield,US,37.2398,-96.9956,50.77,46,0,5.75,clear sky
652,Yulara,AU,-25.2406,130.9889,89.08,17,3,3.33,clear sky
653,Turbat,PK,26.0023,63.044,84.15,16,0,2.26,clear sky
654,Sao Joao Da Barra,BR,-21.6403,-41.0511,77.18,89,80,13.98,broken clouds
655,Batangafo,CF,7.3008,18.2833,70.88,20,70,2.66,broken clouds
656,Arvika,SE,59.6553,12.5852,32.61,78,98,4.12,overcast clouds
657,Kurilsk,RU,45.2333,147.8833,34.92,95,100,19.24,overcast clouds
658,Wewak,PG,-3.5534,143.6268,79.5,87,100,13.24,overcast clouds
659,Mikuni,JP,36.2171,136.1519,52.29,68,99,6.2,overcast clouds
660,Benicia,US,38.0494,-122.1586,60.28,76,100,1.01,overcast clouds
661,Whitehorse,CA,60.7161,-135.0538,23.45,94,100,1.32,overcast clouds
662,Rio Cuarto,AR,-33.1307,-64.3499,60.31,40,0,6.38,clear sky
663,Oyama,JP,36.3,139.8,69.6,39,93,5.19,overcast clouds
664,Alta Floresta,BR,-9.8756,-56.0861,71.87,97,98,2.35,overcast clouds
665,Alexandria,EG,31.2156,29.9553,57.36,70,0,9.55,clear sky
666,Holoby,UA,51.0865,25.0077,32.05,53,82,17.38,broken clouds
667,Skibbereen,IE,51.55,-9.2667,52.11,87,0,12.5,clear sky
668,Marabba,SD,12.35,32.1833,68.77,12,79,12.19,broken clouds
669,Qinhuangdao,CN,39.9317,119.5883,51.73,16,0,16.22,clear sky
670,Mirabad,AF,30.4362,61.8383,64.87,27,0,17.27,clear sky
671,Wao,PH,7.6833,124.6833,69.57,83,100,2.33,moderate rain
672,Sorland,NO,67.667,12.6934,32.54,86,100,23.69,light snow
673,Astana,KZ,51.1801,71.446,28.35,86,75,8.95,broken clouds
674,Walla Walla,US,46.0646,-118.343,59.54,69,0,9.22,clear sky
675,Chadan,RU,51.2833,91.5833,15.82,84,100,1.9,overcast clouds
676,Laukaa,RU,58.7372,29.8453,21.96,76,100,15.7,overcast clouds
677,Zhoucheng,CN,35.9122,116.3117,57.0,14,54,13.35,broken clouds
678,Lahti,RU,59.9911,30.1597,23.2,63,100,15.46,overcast clouds
679,Gamba,GA,-2.65,10.0,77.43,91,100,8.88,light rain
680,Mercedes,AR,-34.6515,-59.4307,55.78,91,0,6.2,clear sky
681,Sawankhalok,TH,17.316,99.8319,96.46,35,38,4.43,scattered clouds
682,Chimore,BO,-16.9833,-65.1333,66.92,96,98,1.66,overcast clouds
683,Pali,IN,25.7667,73.3333,89.42,14,2,9.01,clear sky
684,Centerville,US,39.6284,-84.1594,30.72,77,100,8.01,overcast clouds
685,Atherton,GB,53.5237,-2.4935,45.43,85,5,2.57,clear sky
686,Abaete,BR,-19.16,-45.4458,71.06,72,34,1.63,scattered clouds
687,Carutapera,BR,-1.195,-46.02,75.65,94,99,4.03,light rain
688,Alwar,IN,27.5667,76.6,92.41,8,0,6.42,clear sky
689,Tabory,RU,58.5198,64.5495,16.63,75,28,11.14,scattered clouds
690,Townsville,AU,-19.25,146.8,88.68,48,45,13.8,scattered clouds
691,Jiuquan,CN,39.7432,98.5174,53.73,15,88,13.11,overcast clouds
692,Ocos,GT,14.5094,-92.1933,81.57,73,58,4.72,broken clouds
693,Micheweni,TZ,-4.9667,39.8333,81.32,78,79,4.54,broken clouds
694,Saint-Paul,RE,-21.0096,55.2707,79.74,70,2,3.42,clear sky
695,Henties Bay,NA,-22.116,14.2845,63.09,85,0,3.29,clear sky
696,Honningsvag,NO,70.9821,25.9704,24.55,68,40,11.5,scattered clouds
697,Basavakalyan,IN,17.8667,76.95,92.07,18,32,5.86,scattered clouds
698,Nova Olinda Do Norte,BR,-3.8881,-59.0942,73.83,98,97,2.82,overcast clouds
699,Beidao,CN,34.5686,105.8933,62.38,28,43,11.99,scattered clouds
700,Dabrowa Tarnowska,PL,50.1746,20.9863,33.44,66,5,6.49,clear sky
701,Khawhai,IN,23.3667,93.1167,75.87,35,56,2.68,broken clouds
702,Mogoytuy,RU,51.2833,114.9167,32.59,23,72,8.16,broken clouds
703,Severodvinsk,RU,64.5635,39.8302,19.51,74,100,20.54,overcast clouds
